URL,Version,Status,OIDs,Name,Title,Descriptino,Uses,Used,Sources
http://smart.who.int/hiv/ValueSet/HIV.A.DE13,0.1.0,active,,HIVADE13,Country of birth ValueSet,"Value set of country where the client was born","StructureDefinition/HIVARegistration",
http://smart.who.int/hiv/ValueSet/HIV.A.DE18,0.1.0,active,,HIVADE18,Gender ValueSet,"Value set of gender of the client","StructureDefinition/HIVARegistration","Internal"
http://smart.who.int/hiv/ValueSet/HIV.A.DE25,0.1.0,active,,HIVADE25,Sex ValueSet,"Value set of sex of the client assigned at birth","StructureDefinition/HIVARegistration","Internal"
http://smart.who.int/hiv/ValueSet/HIV.A.DE30,0.1.0,active,,HIVADE30,Marital Status ValueSet,"Value set of client's current marital status ","StructureDefinition/HIVARegistration","Internal"
http://smart.who.int/hiv/ValueSet/HIV.A.DE43,0.1.0,active,,HIVADE43,Administrative Area ValueSet,"Value set of this should be a context-specific list of administrative areas, such as villages, districts, etc. The purpose of this data element is to allow for grouping and flagging of client data to a particular facility's catchment area. This can be input into the system by the end user OR it can be automated in the database based on the end user's attributes.","StructureDefinition/HIVARegistration",
http://smart.who.int/hiv/ValueSet/HIV.A.DE46,0.1.0,active,,HIVADE46,Communication preference(s) ValueSet,"Value set of how the client would like to receive family planning communications","StructureDefinition/HIVARegistration","Internal"
http://smart.who.int/hiv/ValueSet/HIV.A.DE5,0.1.0,active,,HIVADE5,Referred by ValueSet,"Value set of how the client was referred","StructureDefinition/HIVARegistration","Internal"
http://smart.who.int/hiv/ValueSet/HIV.B.DE1,0.1.0,active,,HIVBDE1,Reason for visit ValueSet,"Value set of reason for HIV testing services visit","StructureDefinition/HIVBHTSvisit","Internal"
http://smart.who.int/hiv/ValueSet/HIV.B.DE102,0.1.0,active,,HIVBDE102,Test result of HIV assay 3 ValueSet,"Value set of the result of the third HIV assay in the testing strategy","StructureDefinition/HIVBHTSvisit","Internal"
http://smart.who.int/hiv/ValueSet/HIV.B.DE106,0.1.0,active,,HIVBDE106,Test result of HIV assay 1 repeated ValueSet,"Value set of the result of the repeated first HIV assay in the testing strategy","StructureDefinition/HIVBHTSvisit","Internal"
http://smart.who.int/hiv/ValueSet/HIV.B.DE111,0.1.0,active,,HIVBDE111,HIV test result ValueSet,"Value set of the result from HIV testing after applying the testing algorithm","StructureDefinition/HIVBHTSvisit","Internal"
http://smart.who.int/hiv/ValueSet/HIV.B.DE115,0.1.0,active,,HIVBDE115,HIV status ValueSet,"Value set of HIV status reported after applying the national HIV testing algorithm. No single HIV test can provide an HIV-positive diagnosis.","StructureDefinition/HIVBHTSvisit","Internal"
http://smart.who.int/hiv/ValueSet/HIV.B.DE120,0.1.0,active,,HIVBDE120,Site where positive HIV test confirmed ValueSet,"Value set of name or identifier of health facility where HIV test was confirmed","StructureDefinition/HIVBHTSvisit",
http://smart.who.int/hiv/ValueSet/HIV.B.DE121,0.1.0,active,,HIVBDE121,Probable route of transmission ValueSet,"Value set of probable route(s) of transmission of HIV to client","StructureDefinition/HIVBHTSvisit","Internal"
http://smart.who.int/hiv/ValueSet/HIV.B.DE132,0.1.0,active,,HIVBDE132,Partner HIV test result ValueSet,"Value set of the HIV test result of the client's partner","StructureDefinition/HIVBHTSvisit","Internal"
http://smart.who.int/hiv/ValueSet/HIV.B.DE136,0.1.0,active,,HIVBDE136,Partner HIV status (confirmed) ValueSet,"Value set of the HIV status of a sexual or drug-injecting partner of the client, based on a confirmed test result","StructureDefinition/HIVBHTSvisit","Internal"
http://smart.who.int/hiv/ValueSet/HIV.B.DE142,0.1.0,active,,HIVBDE142,Counselling provided ValueSet,"Value set of whether counselling was provided to a client during the visit","StructureDefinition/HIVBHTSvisit","Internal"
http://smart.who.int/hiv/ValueSet/HIV.B.DE149,0.1.0,active,,HIVBDE149,Prevention services offered and referrals ValueSet,"Value set of offer or refer to prevention services","StructureDefinition/HIVBHTSvisit","Internal"
http://smart.who.int/hiv/ValueSet/HIV.B.DE15,0.1.0,active,,HIVBDE15,Testing entry point ValueSet,"Value set of whether testing is happening in the community or at a facility","StructureDefinition/HIVBHTSvisit","Internal"
http://smart.who.int/hiv/ValueSet/HIV.B.DE158,0.1.0,active,,HIVBDE158,Sexual and reproductive health integrated services ValueSet,"Value set of offer or refer to sexual and reproductive health services","StructureDefinition/HIVBHTSvisit","Internal"
http://smart.who.int/hiv/ValueSet/HIV.B.DE165,0.1.0,active,,HIVBDE165,Offer other clinical services ValueSet,"Value set of other clinical services offered or referrals given to the client","StructureDefinition/HIVBHTSvisit","Internal"
http://smart.who.int/hiv/ValueSet/HIV.B.DE172,0.1.0,active,,HIVBDE172,Other support services ValueSet,"Value set of offer or refer for other support services","StructureDefinition/HIVBHTSvisit","Internal"
http://smart.who.int/hiv/ValueSet/HIV.B.DE179,0.1.0,active,,HIVBDE179,Intimate partner violence enquiry results ValueSet,"Value set of result of medical inquiry for intimate partner violence","StructureDefinition/HIVBHTSvisit","Internal"
http://smart.who.int/hiv/ValueSet/HIV.B.DE18,0.1.0,active,,HIVBDE18,Entry point for community-level testing ValueSet,"Value set of specific point in the community where testing is happening","StructureDefinition/HIVBHTSvisit","Internal"
http://smart.who.int/hiv/ValueSet/HIV.B.DE191,0.1.0,active,,HIVBDE191,Type of follow-up appointment ValueSet,"Value set of type of follow-up appointment for testing services","StructureDefinition/HIVBHTSvisit","Internal"
http://smart.who.int/hiv/ValueSet/HIV.B.DE201,0.1.0,active,,HIVBDE201,Adverse event severity ValueSet,"Value set of severity of the adverse event associated with voluntary medical male circumcision (VMMC) procedure","StructureDefinition/HIVBHTSvisit",
http://smart.who.int/hiv/ValueSet/HIV.B.DE204,0.1.0,active,,HIVBDE204,Timing of adverse event ValueSet,"Value set of when the adverse event associated with VMMC procedure occurred","StructureDefinition/HIVBHTSvisit","Internal"
http://smart.who.int/hiv/ValueSet/HIV.B.DE207,0.1.0,active,,HIVBDE207,Type of adverse VMMC event ValueSet,"Value set of type of adverse event associated with voluntary medical male circumcision (VMMC) procedure","StructureDefinition/HIVBHTSvisit","Internal"
http://smart.who.int/hiv/ValueSet/HIV.B.DE22,0.1.0,active,,HIVBDE22,Entry point for facility-level testing ValueSet,"Value set of specific point where testing is happening at a facility","StructureDefinition/HIVBHTSvisit","Internal"
http://smart.who.int/hiv/ValueSet/HIV.B.DE226,0.1.0,active,,HIVBDE226,Syndrome/STI diagnosed ValueSet,"Value set of syndrome or STI for which client is diagnosed","StructureDefinition/HIVBHTSvisit","Internal"
http://smart.who.int/hiv/ValueSet/HIV.B.DE237,0.1.0,active,,HIVBDE237,STI tested for ValueSet,"Value set of sTI for which the client was tested","StructureDefinition/HIVBHTSvisit","Internal"
http://smart.who.int/hiv/ValueSet/HIV.B.DE250,0.1.0,active,,HIVBDE250,Syphilis test result ValueSet,"Value set of result from syphilis test","StructureDefinition/HIVBHTSvisit","Internal"
http://smart.who.int/hiv/ValueSet/HIV.B.DE256,0.1.0,active,,HIVBDE256,Gonorrhoea test result ValueSet,"Value set of result from Gonorrhoea test","StructureDefinition/HIVBHTSvisit","Internal"
http://smart.who.int/hiv/ValueSet/HIV.B.DE261,0.1.0,active,,HIVBDE261,Type of specimen ValueSet,"Value set of type of specimen to be collected","StructureDefinition/HIVBHTSvisit","Internal"
http://smart.who.int/hiv/ValueSet/HIV.B.DE269,0.1.0,active,,HIVBDE269,Syphilis test type ValueSet,"Value set of type of diagnostic test used for syphilis (treponema pallidum)","StructureDefinition/HIVBHTSvisit","Internal"
http://smart.who.int/hiv/ValueSet/HIV.B.DE276,0.1.0,active,,HIVBDE276,Neisseria gonorrhoeae test type ValueSet,"Value set of type of diagnostic test used for Neisseria gonorrhoeae","StructureDefinition/HIVBHTSvisit","Internal"
http://smart.who.int/hiv/ValueSet/HIV.B.DE284,0.1.0,active,,HIVBDE284,Chlamydia trachomatis test type ValueSet,"Value set of type of diagnostic test used for Chlamydia trachomatis","StructureDefinition/HIVBHTSvisit","Internal"
http://smart.who.int/hiv/ValueSet/HIV.B.DE293,0.1.0,active,,HIVBDE293,Trichomonas vaginalis test type ValueSet,"Value set of type of diagnostic test used for Trichomonas vaginalis","StructureDefinition/HIVBHTSvisit","Internal"
http://smart.who.int/hiv/ValueSet/HIV.B.DE301,0.1.0,active,,HIVBDE301,Herpes simplex virus (HSV) test type ValueSet,"Value set of type of diagnostic test used for herpes simplex virus (HSV)","StructureDefinition/HIVBHTSvisit","Internal"
http://smart.who.int/hiv/ValueSet/HIV.B.DE306,0.1.0,active,,HIVBDE306,Mycoplasma genitalium test type ValueSet,"Value set of type of diagnostic test used for Mycoplasma genitalium","StructureDefinition/HIVBHTSvisit","Internal"
http://smart.who.int/hiv/ValueSet/HIV.B.DE312,0.1.0,active,,HIVBDE312,STI test result ValueSet,"Value set of result from STI test","StructureDefinition/HIVBHTSvisit","Internal"
http://smart.who.int/hiv/ValueSet/HIV.B.DE317,0.1.0,active,,HIVBDE317,Confirmatory syphilis test type ValueSet,"Value set of type of test ued for confirmatory syphilis test","StructureDefinition/HIVBHTSvisit","Internal"
http://smart.who.int/hiv/ValueSet/HIV.B.DE325,0.1.0,active,,HIVBDE325,Confirmatory STI test result ValueSet,"Value set of result from confirmatory STI test","StructureDefinition/HIVBHTSvisit","Internal"
http://smart.who.int/hiv/ValueSet/HIV.B.DE33,0.1.0,active,,HIVBDE33,Partner HIV status (reported) ValueSet,"Value set of the HIV status of the client's partner.","StructureDefinition/HIVBHTSvisit","Internal"
http://smart.who.int/hiv/ValueSet/HIV.B.DE37,0.1.0,active,,HIVBDE37,Partner is from a key population ValueSet,"Value set of client's partner is a member of a key population, that has an increased risk of HIV","StructureDefinition/HIVBHTSvisit","Internal"
http://smart.who.int/hiv/ValueSet/HIV.B.DE44,0.1.0,active,,HIVBDE44,HIV self-test result ValueSet,"Value set of results from the reported HIV self-test","StructureDefinition/HIVBHTSvisit",
http://smart.who.int/hiv/ValueSet/HIV.B.DE5,0.1.0,active,,HIVBDE5,Referred through partner services ValueSet,"Value set of client reported coming to the facility after receiving a provider-assisted referral or patient referral from a contact or partner","StructureDefinition/HIVBHTSvisit","Internal"
http://smart.who.int/hiv/ValueSet/HIV.B.DE50,0.1.0,active,,HIVBDE50,Key population member type ValueSet,"Value set of the type of key population that the client is included in","StructureDefinition/HIVBHTSvisit","Internal"
http://smart.who.int/hiv/ValueSet/HIV.B.DE61,0.1.0,active,,HIVBDE61,HIV exposure type ValueSet,"Value set of ways in which the client was exposed to HIV","StructureDefinition/HIVBHTSvisit","Internal"
http://smart.who.int/hiv/ValueSet/HIV.B.DE66,0.1.0,active,,HIVBDE66,HIV diagnosing facility ValueSet,"Value set of the facility where the client received an HIV-positive diagnosis","StructureDefinition/HIVBHTSvisit",
http://smart.who.int/hiv/ValueSet/HIV.B.DE68,0.1.0,active,,HIVBDE68,HIV serotype ValueSet,"Value set of the client's HIV serotype","StructureDefinition/HIVBHTSvisit","Internal"
http://smart.who.int/hiv/ValueSet/HIV.B.DE74,0.1.0,active,,HIVBDE74,Type of contact elicited ValueSet,"Value set of client's relationship to the contact identified for voluntary partner services or family services","StructureDefinition/HIVBHTSvisit","Internal"
http://smart.who.int/hiv/ValueSet/HIV.B.DE8,0.1.0,active,,HIVBDE8,Type of contact or partner for partner services ValueSet,"Value set of client's relationship to the person that referred the client for partner services or family services","StructureDefinition/HIVBHTSvisit","Internal"
http://smart.who.int/hiv/ValueSet/HIV.B.DE81,0.1.0,active,,HIVBDE81,HIV test type ValueSet,"Value set of type of HIV test","StructureDefinition/HIVBHTSvisit","Internal"
http://smart.who.int/hiv/ValueSet/HIV.B.DE88,0.1.0,active,,HIVBDE88,Assay number in testing strategy ValueSet,"Value set of the number of the assay (test kit) in the HIV testing strategy","StructureDefinition/HIVBHTSvisit",
http://smart.who.int/hiv/ValueSet/HIV.B.DE94,0.1.0,active,,HIVBDE94,Test result of HIV assay 1 ValueSet,"Value set of the result of the first HIV assay in the testing strategy","StructureDefinition/HIVBHTSvisit","Internal"
http://smart.who.int/hiv/ValueSet/HIV.B.DE98,0.1.0,active,,HIVBDE98,Test result of HIV assay 2 ValueSet,"Value set of the result of the second HIV assay in the testing strategy","StructureDefinition/HIVBHTSvisit","Internal"
http://smart.who.int/hiv/ValueSet/HIV.C.DE1,0.1.0,active,,HIVCDE1,Reason for PrEP visit ValueSet,"Value set of client's reason for the prevention visit","StructureDefinition/HIVCPrEPvisit","Internal"
http://smart.who.int/hiv/ValueSet/HIV.C.DE101,0.1.0,active,,HIVCDE101,Alternative third PEP drug ValueSet,"Value set of alternative third drug for PEP","StructureDefinition/HIVCPrEPvisit","Internal"
http://smart.who.int/hiv/ValueSet/HIV.C.DE107,0.1.0,active,,HIVCDE107,Sex factor for estimating creatinine clearance ValueSet,"Value set of value used for gender for calculating creatinine clearance if required. For transgender populations, the sex at birth is used in the Cockcroft-Gault equation if the person is not using hormone therapy; among transgender populations using hormone therapy for more than three months, the current gender can be used.","StructureDefinition/HIVCPrEPvisit","Internal"
http://smart.who.int/hiv/ValueSet/HIV.C.DE11,0.1.0,active,,HIVCDE11,PrEP dosing type ValueSet,"Value set of way in which pre-exposure prophylaxis (PrEP) is taken (daily or event-driven)","StructureDefinition/HIVCPrEPvisit","Internal"
http://smart.who.int/hiv/ValueSet/HIV.C.DE112,0.1.0,active,,HIVCDE112,Contraindications to PrEP usage ValueSet,"Value set of listing of contraindications to pre-exposure prophylaxis (PrEP)","StructureDefinition/HIVCPrEPvisit","Internal"
http://smart.who.int/hiv/ValueSet/HIV.C.DE122,0.1.0,active,,HIVCDE122,PrEP regimen prescribed ValueSet,"Value set of HIV pre-exposure prophylaxis (PrEP) regimen prescribed","StructureDefinition/HIVCPrEPvisit",
http://smart.who.int/hiv/ValueSet/HIV.C.DE125,0.1.0,active,,HIVCDE125,Type of follow-up appointment ValueSet,"Value set of type of follow-up appointment for testing services","StructureDefinition/HIVCPrEPvisit","Internal"
http://smart.who.int/hiv/ValueSet/HIV.C.DE131,0.1.0,active,,HIVCDE131,Prevention services offered and referrals ValueSet,"Value set of offer or refer to prevention services","StructureDefinition/HIVCPrEPvisit","Internal"
http://smart.who.int/hiv/ValueSet/HIV.C.DE138,0.1.0,active,,HIVCDE138,Condom type ValueSet,"Value set of type of condom provided to client","StructureDefinition/HIVCPrEPvisit","Internal"
http://smart.who.int/hiv/ValueSet/HIV.C.DE143,0.1.0,active,,HIVCDE143,HIV self-test distributed for use by ValueSet,"Value set of whom the client plans to give the HIV self-test kit (self, sexual partner, social contact, etc.)","StructureDefinition/HIVCPrEPvisit","Internal"
http://smart.who.int/hiv/ValueSet/HIV.C.DE149,0.1.0,active,,HIVCDE149,Sexual and reproductive health integrated services ValueSet,"Value set of offer or refer to sexual and reproductive health services","StructureDefinition/HIVCPrEPvisit","Internal"
http://smart.who.int/hiv/ValueSet/HIV.C.DE157,0.1.0,active,,HIVCDE157,Offer other clinical services ValueSet,"Value set of other clinical services offered or referrals given to the client","StructureDefinition/HIVCPrEPvisit","Internal"
http://smart.who.int/hiv/ValueSet/HIV.C.DE164,0.1.0,active,,HIVCDE164,Other support services ValueSet,"Value set of offer or refer for other support services","StructureDefinition/HIVCPrEPvisit","Internal"
http://smart.who.int/hiv/ValueSet/HIV.C.DE17,0.1.0,active,,HIVCDE17,Current PrEP regimen ValueSet,"Value set of HIV pre-exposure prophylaxis (PrEP) regimen","StructureDefinition/HIVCPrEPvisit","Internal"
http://smart.who.int/hiv/ValueSet/HIV.C.DE24,0.1.0,active,,HIVCDE24,Experience with PrEP ValueSet,"Value set of the client's experience in taking PrEP","StructureDefinition/HIVCPrEPvisit","Internal"
http://smart.who.int/hiv/ValueSet/HIV.C.DE31,0.1.0,active,,HIVCDE31,PEP history ValueSet,"Value set of the client's history in taking post-exposure prophylaxis (PEP) for HIV prevention","StructureDefinition/HIVCPrEPvisit","Internal"
http://smart.who.int/hiv/ValueSet/HIV.C.DE36,0.1.0,active,,HIVCDE36,Signs of substantial risk of HIV infection ValueSet,"Value set of signs the client is at a substantial risk of HIV infection","StructureDefinition/HIVCPrEPvisit","Internal"
http://smart.who.int/hiv/ValueSet/HIV.C.DE41,0.1.0,active,,HIVCDE41,Pregnancy intention in serodiscordant partnerships ValueSet,"Value set of client's intention or desire in the next year to either become pregnant or prevent a future pregnancy (in serodiscordant partnerships)","StructureDefinition/HIVCPrEPvisit","Internal"
http://smart.who.int/hiv/ValueSet/HIV.C.DE46,0.1.0,active,,HIVCDE46,Acute HIV infection symptoms ValueSet,"Value set of symptoms that could suggest an acute HIV infection","StructureDefinition/HIVCPrEPvisit","Internal"
http://smart.who.int/hiv/ValueSet/HIV.C.DE55,0.1.0,active,,HIVCDE55,Sex partner's HIV treatment status ValueSet,"Value set of treatment adherence of client's sex partner for partners that are HIV-positive","StructureDefinition/HIVCPrEPvisit","Internal"
http://smart.who.int/hiv/ValueSet/HIV.C.DE63,0.1.0,active,,HIVCDE63,Screenings and diagnostics for PrEP users ValueSet,"Value set of listing of tests for clients on or starting pre-exposure prophylaxis (PrEP) that may be recommended or should be considered","StructureDefinition/HIVCPrEPvisit","Internal"
http://smart.who.int/hiv/ValueSet/HIV.C.DE75,0.1.0,active,,HIVCDE75,Medications prescribed ValueSet,"Value set of medications the client was prescribed","StructureDefinition/HIVCPrEPvisit","Internal"
http://smart.who.int/hiv/ValueSet/HIV.C.DE80,0.1.0,active,,HIVCDE80,PrEP product prescribed ValueSet,"Value set of prEP product that the client was prescribed","StructureDefinition/HIVCPrEPvisit","Internal"
http://smart.who.int/hiv/ValueSet/HIV.C.DE91,0.1.0,active,,HIVCDE91,Preferred PEP backbone regimen ValueSet,"Value set of preferred backbone regimen for PEP","StructureDefinition/HIVCPrEPvisit","Internal"
http://smart.who.int/hiv/ValueSet/HIV.C.DE95,0.1.0,active,,HIVCDE95,Alternative PEP backbone regimen ValueSet,"Value set of alternative backbone regimen for PEP","StructureDefinition/HIVCPrEPvisit","Internal"
http://smart.who.int/hiv/ValueSet/HIV.C.DE99,0.1.0,active,,HIVCDE99,Preferred third PEP drug ValueSet,"Value set of preferred third drug for PEP","StructureDefinition/HIVCPrEPvisit","Internal"
http://smart.who.int/hiv/ValueSet/HIV.Config.DE12,0.1.0,active,,HIVConfigDE12,HIV burden of the setting ValueSet,"Value set of HIV burden of the setting (high or low) based on the national HIV prevalence or where the HIV prevalence and/or incidence in a geographical setting is higher than national prevalence and, therefore, needs priority in the HIV response","StructureDefinition/HIVConfiguration","Internal"
http://smart.who.int/hiv/ValueSet/HIV.Config.DE19,0.1.0,active,,HIVConfigDE19,Other priority populations ValueSet,"Value set of other populations of priority of HIV prevention and care in local context (provided during adaptation)","StructureDefinition/HIVConfiguration",
http://smart.who.int/hiv/ValueSet/HIV.D.DE1,0.1.0,active,,HIVDDE1,Reason for visit ValueSet,"Value set of whether visit was scheduled or unscheduled, clinical only, or for ARV drug pick-up","StructureDefinition/HIVDCareTreatment","Internal"
http://smart.who.int/hiv/ValueSet/HIV.D.DE1002,0.1.0,active,,HIVDDE1002,TB treatment outcome ValueSet,"Value set of indicates patient's TB treatment outcome","StructureDefinition/HIVDHIVTB","Internal"
http://smart.who.int/hiv/ValueSet/HIV.D.DE1010,0.1.0,active,,HIVDDE1010,TB treatment regimen composition ValueSet,"Value set of tB drugs currently being taken by the client","StructureDefinition/HIVDHIVTB","Internal"
http://smart.who.int/hiv/ValueSet/HIV.D.DE1019,0.1.0,active,,HIVDDE1019,TB status at ART start ValueSet,"Value set of client's tuberculosis (TB) status when antiretroviral therapy (ART) is started","StructureDefinition/HIVDHIVTB","Internal"
http://smart.who.int/hiv/ValueSet/HIV.D.DE1028,0.1.0,active,,HIVDDE1028,TPT regimen type ValueSet,"Value set of type of TPT regimen the client is currently on","StructureDefinition/HIVDHIVTB","Internal"
http://smart.who.int/hiv/ValueSet/HIV.D.DE1034,0.1.0,active,,HIVDDE1034,TB preventive treatment (TPT) status ValueSet,"Value set of indicates the current status of TB preventive treatment (TPT)","StructureDefinition/HIVDHIVTB","Internal"
http://smart.who.int/hiv/ValueSet/HIV.D.DE128,0.1.0,active,,HIVDDE128,ART regimen composition ValueSet,"Value set of drug composition of client's current ART regimen","StructureDefinition/HIVDCareTreatment","Internal"
http://smart.who.int/hiv/ValueSet/HIV.D.DE146,0.1.0,active,,HIVDDE146,ART regimen drug class ValueSet,"Value set of drug class of current ART regimen","StructureDefinition/HIVDCareTreatment","Internal"
http://smart.who.int/hiv/ValueSet/HIV.D.DE152,0.1.0,active,,HIVDDE152,Prevention services offered and referrals ValueSet,"Value set of offer or refer for prevention services","StructureDefinition/HIVDCareTreatment","Internal"
http://smart.who.int/hiv/ValueSet/HIV.D.DE156,0.1.0,active,,HIVDDE156,Sexual and reproductive health integrated services ValueSet,"Value set of offer or refer to sexual and reproductive health services","StructureDefinition/HIVDCareTreatment","Internal"
http://smart.who.int/hiv/ValueSet/HIV.D.DE162,0.1.0,active,,HIVDDE162,HBsAg test result ValueSet,"Value set of hepatitis B virus test result (HBsAg)","StructureDefinition/HIVDCareTreatment","Internal"
http://smart.who.int/hiv/ValueSet/HIV.D.DE168,0.1.0,active,,HIVDDE168,HBV treatment regimen prescribed ValueSet,"Value set of hepatitis B virus treatment regimen prescribed","StructureDefinition/HIVDCareTreatment",
http://smart.who.int/hiv/ValueSet/HIV.D.DE17,0.1.0,active,,HIVDDE17,Signs of serious illness ValueSet,"Value set of signs that may indicate the client has a serious illness and needs triage or an emergency referral","StructureDefinition/HIVDCareTreatment","Internal"
http://smart.who.int/hiv/ValueSet/HIV.D.DE170,0.1.0,active,,HIVDDE170,HCV test result ValueSet,"Value set of hepatitis C virus test result (HCV antibody, HCV RNA or HCV core antigen)","StructureDefinition/HIVDCareTreatment","Internal"
http://smart.who.int/hiv/ValueSet/HIV.D.DE177,0.1.0,active,,HIVDDE177,HCV treatment regimen prescribed ValueSet,"Value set of hepatitis C virus treatment regimen prescribed","StructureDefinition/HIVDCareTreatment",
http://smart.who.int/hiv/ValueSet/HIV.D.DE179,0.1.0,active,,HIVDDE179,HCV viral load test result ValueSet,"Value set of hepatitis C viral load test result (qualitative)","StructureDefinition/HIVDCareTreatment","Internal"
http://smart.who.int/hiv/ValueSet/HIV.D.DE182,0.1.0,active,,HIVDDE182,HCV medicine type ValueSet,"Value set of type of medicine client is prescribed","StructureDefinition/HIVDCareTreatment","Internal"
http://smart.who.int/hiv/ValueSet/HIV.D.DE186,0.1.0,active,,HIVDDE186,HIV clinical stage ValueSet,"Value set of wHO clinical stage of client based on signs and symptoms. WHO clinical staging is a way to categorize HIV disease severity based on new or recurrent clinical events. There are 4 WHO clinical stages that range from mild symptoms (WHO clinical stage 1) to severe symptoms (WHO clinical stage 4).","StructureDefinition/HIVDCareTreatment","Internal"
http://smart.who.int/hiv/ValueSet/HIV.D.DE197,0.1.0,active,,HIVDDE197,Reason(s) for adherence problem ValueSet,"Value set of reason why client was not adherent","StructureDefinition/HIVDCareTreatment","Internal"
http://smart.who.int/hiv/ValueSet/HIV.D.DE217,0.1.0,active,,HIVDDE217,Reason ART stopped ValueSet,"Value set of reason client intentionally stopped ART","StructureDefinition/HIVDCareTreatment","Internal"
http://smart.who.int/hiv/ValueSet/HIV.D.DE225,0.1.0,active,,HIVDDE225,Treatment failure ValueSet,"Value set of aRT treatment failure","StructureDefinition/HIVDCareTreatment","Internal"
http://smart.who.int/hiv/ValueSet/HIV.D.DE229,0.1.0,active,,HIVDDE229,General care activities recommended ValueSet,"Value set of general care activities to be performed during the care visit","StructureDefinition/HIVDCareTreatment","Internal"
http://smart.who.int/hiv/ValueSet/HIV.D.DE247,0.1.0,active,,HIVDDE247,Preventing and treating coinfections ValueSet,"Value set of coinfection prevention and treatment activities performed during the care visit","StructureDefinition/HIVDCareTreatment","Internal"
http://smart.who.int/hiv/ValueSet/HIV.D.DE259,0.1.0,active,,HIVDDE259,Risk factors, comorbidities and coinfections signs and symptoms ValueSet,"Value set of signs and symptoms of opportunistic infections or other comorbidities experienced by client","StructureDefinition/HIVDCareTreatment","Internal"
http://smart.who.int/hiv/ValueSet/HIV.D.DE289,0.1.0,active,,HIVDDE289,WHO HIV clinical stage condition or symptom ValueSet,"Value set of new or recurrent clinical events used to categorize HIV disease severity based at baseline and follow up","StructureDefinition/HIVDCareTreatment","Internal"
http://smart.who.int/hiv/ValueSet/HIV.D.DE358,0.1.0,active,,HIVDDE358,Clinical stage at start of ART ValueSet,"Value set of wHO clinical stage of client based on signs and symptoms at start of ART","StructureDefinition/HIVDCareTreatment","Internal"
http://smart.who.int/hiv/ValueSet/HIV.D.DE370,0.1.0,active,,HIVDDE370,Reasons for delayed ART initiation ValueSet,"Value set of reason why ART was not initiated at diagnosis or within 7 days of diagnosis","StructureDefinition/HIVDCareTreatment","Internal"
http://smart.who.int/hiv/ValueSet/HIV.D.DE383,0.1.0,active,,HIVDDE383,Time to start ART ValueSet,"Value set of time from HIV diagnosis to when client started ART","StructureDefinition/HIVDCareTreatment","Internal"
http://smart.who.int/hiv/ValueSet/HIV.D.DE391,0.1.0,active,,HIVDDE391,Reason for HIV viral load test ValueSet,"Value set of whether the viral load is being tested for routine monitoring on a set schedule or for targeted monitoring for suspected treatment failure","StructureDefinition/HIVDCareTreatment","Internal"
http://smart.who.int/hiv/ValueSet/HIV.D.DE399,0.1.0,active,,HIVDDE399,Monitoring examinations ValueSet,"Value set of name of examinations, test and results for any relevant investigations carried out for client","StructureDefinition/HIVDCareTreatment","Internal"
http://smart.who.int/hiv/ValueSet/HIV.D.DE418,0.1.0,active,,HIVDDE418,Reason for ARV drug regimen substitution ValueSet,"Value set of reason why a substitution was made to the antiretroviral (ARV) drug regimen","StructureDefinition/HIVDCareTreatment","Internal"
http://smart.who.int/hiv/ValueSet/HIV.D.DE43,0.1.0,active,,HIVDDE43,ART start type ValueSet,"Value set of whether the client is ART naive or is restarting ART","StructureDefinition/HIVDCareTreatment","Internal"
http://smart.who.int/hiv/ValueSet/HIV.D.DE430,0.1.0,active,,HIVDDE430,Reason for regimen switch ValueSet,"Value set of reason why a switch to a second- or third-line regimen was made","StructureDefinition/HIVDCareTreatment","Internal"
http://smart.who.int/hiv/ValueSet/HIV.D.DE444,0.1.0,active,,HIVDDE444,ART regimen prescribed ValueSet,"Value set of iNCLUDE VALUE SETS OF REGIMENS","StructureDefinition/HIVDCareTreatment",
http://smart.who.int/hiv/ValueSet/HIV.D.DE446,0.1.0,active,,HIVDDE446,Coinfection status at ART start ValueSet,"Value set of clients status of coinfections at the time when ART was initiated","StructureDefinition/HIVDCareTreatment","Internal"
http://smart.who.int/hiv/ValueSet/HIV.D.DE449,0.1.0,active,,HIVDDE449,Pregnant and breastfeeding status at ART start ValueSet,"Value set of aRT status of women to prevent mother-to-child transmission","StructureDefinition/HIVDCareTreatment","Internal"
http://smart.who.int/hiv/ValueSet/HIV.D.DE457,0.1.0,active,,HIVDDE457,Medications prescribed ValueSet,"Value set of name or regimen code of all other medications prescribed during the visit","StructureDefinition/HIVDCareTreatment",
http://smart.who.int/hiv/ValueSet/HIV.D.DE461,0.1.0,active,,HIVDDE461,Medications dispensed ValueSet,"Value set of any other medications that were dispensed to client, including preventive treatment","StructureDefinition/HIVDCareTreatment",
http://smart.who.int/hiv/ValueSet/HIV.D.DE466,0.1.0,active,,HIVDDE466,Type of treatment-limiting toxicity ValueSet,"Value set of type of treatment-limiting toxicity experienced by client. Treatment-limiting toxicity is defined as a serious adverse drug reaction that results in drug discontinuation or substitution. In addition, any reaction that leads to treatment interruption or requires changing the drug or regimen because of an adverse drug reaction is also considered a serious adverse drug reaction.","StructureDefinition/HIVDCareTreatment","Internal"
http://smart.who.int/hiv/ValueSet/HIV.D.DE482,0.1.0,active,,HIVDDE482,Reason(s) for substitution within first-line regimen ValueSet,"Value set of reason(s) why one ore more drugs in client's first-line ARV drug regimen was changed (substituted)","StructureDefinition/HIVDCareTreatment",
http://smart.who.int/hiv/ValueSet/HIV.D.DE483,0.1.0,active,,HIVDDE483,New antiretroviral regimen after substitution within first-line regimen ValueSet,"Value set of new antiretroviral (ARV) drugs after client changed regimen within the first-line regimen","StructureDefinition/HIVDCareTreatment",
http://smart.who.int/hiv/ValueSet/HIV.D.DE485,0.1.0,active,,HIVDDE485,New regimen after switch to second-line regimen ValueSet,"Value set of new ART regimen after switch to second-line ART regimen","StructureDefinition/HIVDCareTreatment",
http://smart.who.int/hiv/ValueSet/HIV.D.DE486,0.1.0,active,,HIVDDE486,Reason for switch to second-line regimen ValueSet,"Value set of reason why client was switched from first- to second-line ARV drug regimen (see 'Reason for regimen switch' for levels)","StructureDefinition/HIVDCareTreatment",
http://smart.who.int/hiv/ValueSet/HIV.D.DE488,0.1.0,active,,HIVDDE488,Reason(s) for substitution within second-line regimen ValueSet,"Value set of reason(s) why client changed drug regimen (within the second-line)","StructureDefinition/HIVDCareTreatment",
http://smart.who.int/hiv/ValueSet/HIV.D.DE489,0.1.0,active,,HIVDDE489,New regimen(s) after substitution within second-line regimen ValueSet,"Value set of new ARV drugs after client changed regimen within the second- line regimen","StructureDefinition/HIVDCareTreatment",
http://smart.who.int/hiv/ValueSet/HIV.D.DE491,0.1.0,active,,HIVDDE491,New regimen after switch to third-line regimen ValueSet,"Value set of new ART regimen after switch to third-line ART regimen","StructureDefinition/HIVDCareTreatment",
http://smart.who.int/hiv/ValueSet/HIV.D.DE492,0.1.0,active,,HIVDDE492,Reason for switch to third-line regimen ValueSet,"Value set of reason why client was switched from second- to third-line ARV drug regimen (see 'Reason for regimen switch' for levels)","StructureDefinition/HIVDCareTreatment",
http://smart.who.int/hiv/ValueSet/HIV.D.DE494,0.1.0,active,,HIVDDE494,Reason(s) for substitution within third-line regimen ValueSet,"Value set of reason(s) why client changed drug regimen (within the third-line)","StructureDefinition/HIVDCareTreatment",
http://smart.who.int/hiv/ValueSet/HIV.D.DE495,0.1.0,active,,HIVDDE495,New regimen(s) after substitution within third-line regimen ValueSet,"Value set of new ARV drugs after client changed regimen within the third-line regimen","StructureDefinition/HIVDCareTreatment",
http://smart.who.int/hiv/ValueSet/HIV.D.DE514,0.1.0,active,,HIVDDE514,HIV status of family member ValueSet,"Value set of HIV status of each family member at time of patient's enrolment, including partner (for mothers)","StructureDefinition/HIVDCareTreatment",
http://smart.who.int/hiv/ValueSet/HIV.D.DE519,0.1.0,active,,HIVDDE519,Other support services ValueSet,"Value set of offer or refer for other support services","StructureDefinition/HIVDCareTreatment","Internal"
http://smart.who.int/hiv/ValueSet/HIV.D.DE52,0.1.0,active,,HIVDDE52,Facility transferred from ValueSet,"Value set of name of health facility client was transferred from","StructureDefinition/HIVDCareTreatment",
http://smart.who.int/hiv/ValueSet/HIV.D.DE525,0.1.0,active,,HIVDDE525,Type of follow-up appointment ValueSet,"Value set of whether the visit will be clinical only, ARV drug pick-up or other. Client may have multiple follow-ups scheduled.","StructureDefinition/HIVDCareTreatment","Internal"
http://smart.who.int/hiv/ValueSet/HIV.D.DE532,0.1.0,active,,HIVDDE532,Reason blood pressure reading not done ValueSet,"Value set of reason why test was not performed","StructureDefinition/HIVDCareTreatment","Internal"
http://smart.who.int/hiv/ValueSet/HIV.D.DE537,0.1.0,active,,HIVDDE537,Current medications ValueSet,"Value set of list of all of the medications the client is currently taking","StructureDefinition/HIVDCareTreatment","Internal"
http://smart.who.int/hiv/ValueSet/HIV.D.DE55,0.1.0,active,,HIVDDE55,Facility where client first enrolled in HIV care ValueSet,"Value set of facility where the client first enrolled in HIV care","StructureDefinition/HIVDCareTreatment",
http://smart.who.int/hiv/ValueSet/HIV.D.DE56,0.1.0,active,,HIVDDE56,Antiretroviral (ARV) drugs received prior to enrolment ValueSet,"Value set of whether or not the client received ARV drugs prior to enrolling into HIV care","StructureDefinition/HIVDCareTreatment","Internal"
http://smart.who.int/hiv/ValueSet/HIV.D.DE560,0.1.0,active,,HIVDDE560,Allergies ValueSet,"Value set of does the client have any allergies?","StructureDefinition/HIVDCareTreatment","Internal"
http://smart.who.int/hiv/ValueSet/HIV.D.DE569,0.1.0,active,,HIVDDE569,Family planning method used ValueSet,"Value set of method the client reports currently using at intake","StructureDefinition/HIVDCareTreatment","Internal"
http://smart.who.int/hiv/ValueSet/HIV.D.DE593,0.1.0,active,,HIVDDE593,Medication status ValueSet,"Value set of current state of the client's taking of the medication","StructureDefinition/HIVDCareTreatment","Internal"
http://smart.who.int/hiv/ValueSet/HIV.D.DE603,0.1.0,active,,HIVDDE603,Vaccine brand ValueSet,"Value set of the brand or trade name used to refer to the vaccine received","StructureDefinition/HIVDCareTreatment",
http://smart.who.int/hiv/ValueSet/HIV.D.DE604,0.1.0,active,,HIVDDE604,Vaccine type ValueSet,"Value set of type of vaccine received (such as IPV, OPV)","StructureDefinition/HIVDCareTreatment",
http://smart.who.int/hiv/ValueSet/HIV.D.DE606,0.1.0,active,,HIVDDE606,Vaccination location ValueSet,"Value set of the service delivery location where the vaccine adminstration occurred","StructureDefinition/HIVDCareTreatment",
http://smart.who.int/hiv/ValueSet/HIV.D.DE610,0.1.0,active,,HIVDDE610,Disease targeted ValueSet,"Value set of vaccine preventable disease being targeted by vaccine administered","StructureDefinition/HIVDCareTreatment","Internal"
http://smart.who.int/hiv/ValueSet/HIV.D.DE63,0.1.0,active,,HIVDDE63,Location ARV drugs received prior to enrolment ValueSet,"Value set of health facility (or other location) where ARV drugs were received prior to enrolment into HIV care/ART","StructureDefinition/HIVDCareTreatment",
http://smart.who.int/hiv/ValueSet/HIV.D.DE636,0.1.0,active,,HIVDDE636,Reason immunization was not provided ValueSet,"Value set of reason the vaccine dose was not given","StructureDefinition/HIVDCareTreatment","Internal"
http://smart.who.int/hiv/ValueSet/HIV.D.DE64,0.1.0,active,,HIVDDE64,ARV drug regimen received prior to enrolment ValueSet,"Value set of aRV drug regimen received prior to enrolment into HIV care/ART","StructureDefinition/HIVDCareTreatment",
http://smart.who.int/hiv/ValueSet/HIV.D.DE646,0.1.0,active,,HIVDDE646,Reason malaria prophylaxis not provided ValueSet,"Value set of reason why the treatment was not given","StructureDefinition/HIVDCareTreatment","Internal"
http://smart.who.int/hiv/ValueSet/HIV.D.DE65,0.1.0,active,,HIVDDE65,Existing chronic health conditions ValueSet,"Value set of does the client have any current chronic health conditions or problems?","StructureDefinition/HIVDCareTreatment","Internal"
http://smart.who.int/hiv/ValueSet/HIV.D.DE658,0.1.0,active,,HIVDDE658,Cervical cancer primary screening test type ValueSet,"Value set of type of cervical cancer screening test used in primary screening","StructureDefinition/HIVDCareTreatment","Internal"
http://smart.who.int/hiv/ValueSet/HIV.D.DE664,0.1.0,active,,HIVDDE664,HPV-DNA cervical cancer screening test result ValueSet,"Value set of hPV-DNA cervical cancer screening test result","StructureDefinition/HIVDCareTreatment","Internal"
http://smart.who.int/hiv/ValueSet/HIV.D.DE668,0.1.0,active,,HIVDDE668,VIA cervical cancer screening test result ValueSet,"Value set of screening test result for VIA","StructureDefinition/HIVDCareTreatment","Internal"
http://smart.who.int/hiv/ValueSet/HIV.D.DE673,0.1.0,active,,HIVDDE673,Cervical cytology screening test result ValueSet,"Value set of screening result for cervical cytology","StructureDefinition/HIVDCareTreatment","Internal"
http://smart.who.int/hiv/ValueSet/HIV.D.DE681,0.1.0,active,,HIVDDE681,Cervical cancer triage test type ValueSet,"Value set of type of triage test for cervical cancer","StructureDefinition/HIVDCareTreatment","Internal"
http://smart.who.int/hiv/ValueSet/HIV.D.DE688,0.1.0,active,,HIVDDE688,HPV16/18 test result ValueSet,"Value set of test result from HPV16/18 test","StructureDefinition/HIVDCareTreatment","Internal"
http://smart.who.int/hiv/ValueSet/HIV.D.DE691,0.1.0,active,,HIVDDE691,Cervical cancer colposcopy result ValueSet,"Value set of result of cervical cancer colposcopy","StructureDefinition/HIVDCareTreatment","Internal"
http://smart.who.int/hiv/ValueSet/HIV.D.DE697,0.1.0,active,,HIVDDE697,Cervical cancer histopathology result ValueSet,"Value set of result of cervical cancer histopathology","StructureDefinition/HIVDCareTreatment","Internal"
http://smart.who.int/hiv/ValueSet/HIV.D.DE706,0.1.0,active,,HIVDDE706,Cervical cancer screening outcome ValueSet,"Value set of client's screening outcome for cervical cancer","StructureDefinition/HIVDCareTreatment","Internal"
http://smart.who.int/hiv/ValueSet/HIV.D.DE709,0.1.0,active,,HIVDDE709,Cervical cancer diagnosis ValueSet,"Value set of type of cervical cancer diagnosis","StructureDefinition/HIVDCareTreatment","Internal"
http://smart.who.int/hiv/ValueSet/HIV.D.DE712,0.1.0,active,,HIVDDE712,Cervical cancer stage at diagnosis ValueSet,"Value set of cervical cancer stage at diagnosis of cervical cancer","StructureDefinition/HIVDCareTreatment","Internal"
http://smart.who.int/hiv/ValueSet/HIV.D.DE719,0.1.0,active,,HIVDDE719,Treatment method for cervical precancer lesions ValueSet,"Value set of treatment method for cervical precancer lesions","StructureDefinition/HIVDCareTreatment","Internal"
http://smart.who.int/hiv/ValueSet/HIV.D.DE731,0.1.0,active,,HIVDDE731,Invasive cervical cancer treatment method ValueSet,"Value set of invasive cervical cancer treatment method","StructureDefinition/HIVDCareTreatment","Internal"
http://smart.who.int/hiv/ValueSet/HIV.D.DE74,0.1.0,active,,HIVDDE74,Original first-line ART regimen ValueSet,"Value set of original full, first-line ARV drug regimen patient started on at this facility","StructureDefinition/HIVDCareTreatment",
http://smart.who.int/hiv/ValueSet/HIV.D.DE746,0.1.0,active,,HIVDDE746,Entry point for facility-level testing ValueSet,"Value set of specific point where testing is happening at a facility","StructureDefinition/HIVDCareTreatment","Internal"
http://smart.who.int/hiv/ValueSet/HIV.D.DE75,0.1.0,active,,HIVDDE75,Current ART regimen ValueSet,"Value set of the current ART regimen the client is taking","StructureDefinition/HIVDCareTreatment",
http://smart.who.int/hiv/ValueSet/HIV.D.DE753,0.1.0,active,,HIVDDE753,Offer other clinical services ValueSet,"Value set of other clinical services offered or referrals given to the client","StructureDefinition/HIVDCareTreatment","Internal"
http://smart.who.int/hiv/ValueSet/HIV.D.DE764,0.1.0,active,,HIVDDE764,DSD ART model(s) ValueSet,"Value set of type of DSD ART model client is enrolled in (country-specific)","StructureDefinition/HIVDCareTreatment","Internal"
http://smart.who.int/hiv/ValueSet/HIV.D.DE77,0.1.0,active,,HIVDDE77,Preferred first-line ART regimen ValueSet,"Value set of the preferred first-line ART regimen for the client according to WHO (or national) guidelines","StructureDefinition/HIVDCareTreatment",
http://smart.who.int/hiv/ValueSet/HIV.D.DE778,0.1.0,active,,HIVDDE778,Syndrome/STI diagnosed ValueSet,"Value set of syndrome or STI for which client is diagnosed","StructureDefinition/HIVDCareTreatment","Internal"
http://smart.who.int/hiv/ValueSet/HIV.D.DE78,0.1.0,active,,HIVDDE78,Alternative first-line ART regimen ValueSet,"Value set of the alternative first-line ART regimen for the client according to WHO (or national) guidelines","StructureDefinition/HIVDCareTreatment",
http://smart.who.int/hiv/ValueSet/HIV.D.DE789,0.1.0,active,,HIVDDE789,STI tested for ValueSet,"Value set of sTI for which the client was tested","StructureDefinition/HIVDCareTreatment","Internal"
http://smart.who.int/hiv/ValueSet/HIV.D.DE79,0.1.0,active,,HIVDDE79,First-line ART regimen under special circumstances ValueSet,"Value set of the first-line ART regimen for the client under special circumstances according to WHO (or national) guidelines","StructureDefinition/HIVDCareTreatment",
http://smart.who.int/hiv/ValueSet/HIV.D.DE80,0.1.0,active,,HIVDDE80,Preferred second-line ART regimen ValueSet,"Value set of the preferred second-line ART regimen for the client according to WHO (or national) guidelines","StructureDefinition/HIVDCareTreatment",
http://smart.who.int/hiv/ValueSet/HIV.D.DE802,0.1.0,active,,HIVDDE802,Syphilis test result ValueSet,"Value set of result from syphilis test","StructureDefinition/HIVDCareTreatment","Internal"
http://smart.who.int/hiv/ValueSet/HIV.D.DE808,0.1.0,active,,HIVDDE808,Gonorrhoea test result ValueSet,"Value set of result from Gonorrhoea test","StructureDefinition/HIVDCareTreatment","Internal"
http://smart.who.int/hiv/ValueSet/HIV.D.DE81,0.1.0,active,,HIVDDE81,Alternative second-line ART regimen ValueSet,"Value set of the alternative second-line ART regimen for the client according to WHO (or national) guidelines","StructureDefinition/HIVDCareTreatment",
http://smart.who.int/hiv/ValueSet/HIV.D.DE813,0.1.0,active,,HIVDDE813,Type of specimen ValueSet,"Value set of type of specimen to be collected","StructureDefinition/HIVDCareTreatment","Internal"
http://smart.who.int/hiv/ValueSet/HIV.D.DE82,0.1.0,active,,HIVDDE82,Optimal regimen for transition ValueSet,"Value set of the optimal regimen for transition to DTG-based regimens for children established on ART","StructureDefinition/HIVDCareTreatment",
http://smart.who.int/hiv/ValueSet/HIV.D.DE821,0.1.0,active,,HIVDDE821,Syphilis test type ValueSet,"Value set of type of diagnostic test used for syphilis (Treponema pallidum)","StructureDefinition/HIVDCareTreatment","Internal"
http://smart.who.int/hiv/ValueSet/HIV.D.DE828,0.1.0,active,,HIVDDE828,Neisseria gonorrhoeae test type ValueSet,"Value set of type of diagnostic test used for Neisseria gonorrhoeae","StructureDefinition/HIVDCareTreatment","Internal"
http://smart.who.int/hiv/ValueSet/HIV.D.DE83,0.1.0,active,,HIVDDE83,Current ART regimen (first-, second-, or third-line) ValueSet,"Value set of aRT regimen for treating clients living with HIV, based on national guidance","StructureDefinition/HIVDCareTreatment","Internal"
http://smart.who.int/hiv/ValueSet/HIV.D.DE836,0.1.0,active,,HIVDDE836,Chlamydia trachomatis test type ValueSet,"Value set of type of diagnostic test used for Chlamydia trachomatis","StructureDefinition/HIVDCareTreatment","Internal"
http://smart.who.int/hiv/ValueSet/HIV.D.DE845,0.1.0,active,,HIVDDE845,Trichomonas vaginalis test type ValueSet,"Value set of type of diagnostic test used for Trichomonas vaginalis","StructureDefinition/HIVDCareTreatment","Internal"
http://smart.who.int/hiv/ValueSet/HIV.D.DE853,0.1.0,active,,HIVDDE853,Herpes simplex virus (HSV) test type ValueSet,"Value set of type of diagnostic test used for Herpes simplex virus (HSV)","StructureDefinition/HIVDCareTreatment","Internal"
http://smart.who.int/hiv/ValueSet/HIV.D.DE858,0.1.0,active,,HIVDDE858,Mycoplasma genitalium test type ValueSet,"Value set of type of diagnostic test used for Mycoplasma genitalium","StructureDefinition/HIVDCareTreatment","Internal"
http://smart.who.int/hiv/ValueSet/HIV.D.DE864,0.1.0,active,,HIVDDE864,STI test result ValueSet,"Value set of result from STI test","StructureDefinition/HIVDCareTreatment","Internal"
http://smart.who.int/hiv/ValueSet/HIV.D.DE869,0.1.0,active,,HIVDDE869,Confirmatory syphilis test type ValueSet,"Value set of type of test ued for confirmatory syphilis test","StructureDefinition/HIVDCareTreatment","Internal"
http://smart.who.int/hiv/ValueSet/HIV.D.DE877,0.1.0,active,,HIVDDE877,Confirmatory STI test result ValueSet,"Value set of result from confirmatory STI test","StructureDefinition/HIVDCareTreatment","Internal"
http://smart.who.int/hiv/ValueSet/HIV.D.DE893,0.1.0,active,,HIVDDE893,Staging of liver disease ValueSet,"Value set of staging of liver disease in client","StructureDefinition/HIVDCareTreatment","Internal"
http://smart.who.int/hiv/ValueSet/HIV.D.DE897,0.1.0,active,,HIVDDE897,WHO functional status ValueSet,"Value set of functional status of people with advanced HIV disease","StructureDefinition/HIVDCareTreatment","Internal"
http://smart.who.int/hiv/ValueSet/HIV.D.DE90,0.1.0,active,,HIVDDE90,ART regimen ValueSet,"Value set of list of ART regimens","StructureDefinition/HIVDCareTreatment","Internal"
http://smart.who.int/hiv/ValueSet/HIV.D.DE903,0.1.0,active,,HIVDDE903,Medication/drug ValueSet,"Value set of current or considered medication/drug, for the purpose of determining drug interactions","StructureDefinition/HIVDCareTreatment","Internal"
http://smart.who.int/hiv/ValueSet/HIV.D.DE934,0.1.0,active,,HIVDDE934,WHO HIV clinical stage condition or symptom ValueSet,"Value set of new or recurrent clinical events used to categorize HIV disease severity based at baseline and follow up","StructureDefinition/HIVDHIVTB","Internal"
http://smart.who.int/hiv/ValueSet/HIV.D.DE939,0.1.0,active,,HIVDDE939,TB diagnosis result ValueSet,"Value set of final result of the TB investigation (bacteriological and/or clinical)","StructureDefinition/HIVDHIVTB","Internal"
http://smart.who.int/hiv/ValueSet/HIV.D.DE942,0.1.0,active,,HIVDDE942,Method of TB diagnosis ValueSet,"Value set of method used to set the TB diagnosis","StructureDefinition/HIVDHIVTB","Internal"
http://smart.who.int/hiv/ValueSet/HIV.D.DE947,0.1.0,active,,HIVDDE947,TB treatment history ValueSet,"Value set of history of previous TB treatment","StructureDefinition/HIVDHIVTB","Internal"
http://smart.who.int/hiv/ValueSet/HIV.D.DE956,0.1.0,active,,HIVDDE956,TB screening algorithm ValueSet,"Value set of screening algorithm selected for screening activities","StructureDefinition/HIVDHIVTB","Internal"
http://smart.who.int/hiv/ValueSet/HIV.D.DE973,0.1.0,active,,HIVDDE973,Symptoms of TB ValueSet,"Value set of symptoms that may indicate TB disease in clients living with HIV, based on a clinical algorithm","StructureDefinition/HIVDHIVTB","Internal"
http://smart.who.int/hiv/ValueSet/HIV.D.DE986,0.1.0,active,,HIVDDE986,TB screening result ValueSet,"Value set of record the result of the tuberculosis (TB) screening","StructureDefinition/HIVDHIVTB","Internal"
http://smart.who.int/hiv/ValueSet/HIV.D.DE992,0.1.0,active,,HIVDDE992,TB diagnostic test category ValueSet,"Value set of the type of diagnostic test performed to detect tuberculosis (TB) disease","StructureDefinition/HIVDHIVTB","Internal"
http://smart.who.int/hiv/ValueSet/HIV.E.DE104,0.1.0,active,,HIVEDE104,Maternal HIV test result ValueSet,"Value set of test result for mother after applying the testing strategy","StructureDefinition/HIVEPMTCT","Internal"
http://smart.who.int/hiv/ValueSet/HIV.E.DE108,0.1.0,active,,HIVEDE108,Infant or child exposure to HIV ValueSet,"Value set of whether the infant or child was determined to have had HIV exposure through mother","StructureDefinition/HIVEPMTCT","Internal"
http://smart.who.int/hiv/ValueSet/HIV.E.DE114,0.1.0,active,,HIVEDE114,Key population member type ValueSet,"Value set of the type of key population that the infant's mother is included in","StructureDefinition/HIVEPMTCT","Internal"
http://smart.who.int/hiv/ValueSet/HIV.E.DE127,0.1.0,active,,HIVEDE127,Infant feeding practice ValueSet,"Value set of infant feeding practice","StructureDefinition/HIVEPMTCT","Internal"
http://smart.who.int/hiv/ValueSet/HIV.E.DE136,0.1.0,active,,HIVEDE136,Type of iron supplement dosage provided ValueSet,"Value set of whether the amount of iron prescribed is for daily or weekly intake","StructureDefinition/HIVEPMTCT","Internal"
http://smart.who.int/hiv/ValueSet/HIV.E.DE141,0.1.0,active,,HIVEDE141,Maternal HIV status ValueSet,"Value set of the HIV status of the infant's mother","StructureDefinition/HIVEPMTCT","Internal"
http://smart.who.int/hiv/ValueSet/HIV.E.DE145,0.1.0,active,,HIVEDE145,Maternal HIV status at first ANC visit ValueSet,"Value set of the HIV status of the infant's mother at first ANC visit","StructureDefinition/HIVEPMTCT","Internal"
http://smart.who.int/hiv/ValueSet/HIV.E.DE149,0.1.0,active,,HIVEDE149,Maternal syphilis test result ValueSet,"Value set of result from maternal syphilis test","StructureDefinition/HIVEPMTCT","Internal"
http://smart.who.int/hiv/ValueSet/HIV.E.DE155,0.1.0,active,,HIVEDE155,Signs of substantial risk of HIV infection ValueSet,"Value set of signs the client is at a substantial risk of HIV infection","StructureDefinition/HIVEPMTCT","Internal"
http://smart.who.int/hiv/ValueSet/HIV.E.DE168,0.1.0,active,,HIVEDE168,HIV test type ValueSet,"Value set of type of HIV test","StructureDefinition/HIVEPMTCT","Internal"
http://smart.who.int/hiv/ValueSet/HIV.E.DE17,0.1.0,active,,HIVEDE17,Past pregnancy complications ValueSet,"Value set of whether the woman has had any complications or problems in any previous pregnancy","StructureDefinition/HIVEPMTCT","Internal"
http://smart.who.int/hiv/ValueSet/HIV.E.DE173,0.1.0,active,,HIVEDE173,Maternal and child health service visit ValueSet,"Value set of maternal and child health service visit attended by an HIV-exposed infant","StructureDefinition/HIVEPMTCT","Internal"
http://smart.who.int/hiv/ValueSet/HIV.E.DE180,0.1.0,active,,HIVEDE180,EID sample number ValueSet,"Value set of early infant diagnosis (EID) sample number","StructureDefinition/HIVEPMTCT",
http://smart.who.int/hiv/ValueSet/HIV.E.DE183,0.1.0,active,,HIVEDE183,EID test number ValueSet,"Value set of early infant diagnosis (EID) HIV test number using the same sample","StructureDefinition/HIVEPMTCT",
http://smart.who.int/hiv/ValueSet/HIV.E.DE186,0.1.0,active,,HIVEDE186,EID test number 1 test result ValueSet,"Value set of early infant diagnosis test number 1 test result","StructureDefinition/HIVEPMTCT","Internal"
http://smart.who.int/hiv/ValueSet/HIV.E.DE190,0.1.0,active,,HIVEDE190,EID test number 2 test result ValueSet,"Value set of early infant diagnosis test number 2 test result","StructureDefinition/HIVEPMTCT","Internal"
http://smart.who.int/hiv/ValueSet/HIV.E.DE194,0.1.0,active,,HIVEDE194,Assay number in testing strategy ValueSet,"Value set of the number of the assay (test kit) in the HIV testing strategy","StructureDefinition/HIVEPMTCT",
http://smart.who.int/hiv/ValueSet/HIV.E.DE200,0.1.0,active,,HIVEDE200,Test result of HIV assay 1 ValueSet,"Value set of the result of the first HIV assay in the testing strategy","StructureDefinition/HIVEPMTCT","Internal"
http://smart.who.int/hiv/ValueSet/HIV.E.DE204,0.1.0,active,,HIVEDE204,Test result of HIV assay 2 ValueSet,"Value set of the result of the second HIV assay in the testing strategy","StructureDefinition/HIVEPMTCT","Internal"
http://smart.who.int/hiv/ValueSet/HIV.E.DE208,0.1.0,active,,HIVEDE208,Test result of HIV assay 3 ValueSet,"Value set of the result of the third HIV assay in the testing strategy","StructureDefinition/HIVEPMTCT","Internal"
http://smart.who.int/hiv/ValueSet/HIV.E.DE212,0.1.0,active,,HIVEDE212,Test result of HIV assay 1 repeated ValueSet,"Value set of the result of the repeated first HIV assay in the testing strategy","StructureDefinition/HIVEPMTCT","Internal"
http://smart.who.int/hiv/ValueSet/HIV.E.DE216,0.1.0,active,,HIVEDE216,Test result of syphilis assay 1 ValueSet,"Value set of the result of the first syphilis assay in the testing strategy","StructureDefinition/HIVEPMTCT","Internal"
http://smart.who.int/hiv/ValueSet/HIV.E.DE220,0.1.0,active,,HIVEDE220,Test result of syphilis assay 1 repeated ValueSet,"Value set of the result of the first syphilis assay repeated in the testing strategy","StructureDefinition/HIVEPMTCT","Internal"
http://smart.who.int/hiv/ValueSet/HIV.E.DE225,0.1.0,active,,HIVEDE225,Infant HIV status ValueSet,"Value set of HIV status reported after applying the HIV testing algorithm. No single HIV test can provide an HIV-positive diagnosis.","StructureDefinition/HIVEPMTCT","Internal"
http://smart.who.int/hiv/ValueSet/HIV.E.DE230,0.1.0,active,,HIVEDE230,Final diagnosis of HIV-exposed infant ValueSet,"Value set of HIV-exposed infant final status at 18 months or 3 months after cessation of breastfeeding (whichever is later).","StructureDefinition/HIVEPMTCT","Internal"
http://smart.who.int/hiv/ValueSet/HIV.E.DE234,0.1.0,active,,HIVEDE234,HIV-exposed infant reason for unknown final status ValueSet,"Value set of the outcome for the infant does not have a final outcome, which may because of death, stopped treatment or lost to follow-up.","StructureDefinition/HIVEPMTCT","Internal"
http://smart.who.int/hiv/ValueSet/HIV.E.DE240,0.1.0,active,,HIVEDE240,Cause of death of infant ValueSet,"Value set of the infant's cause of death","StructureDefinition/HIVEPMTCT",
http://smart.who.int/hiv/ValueSet/HIV.E.DE246,0.1.0,active,,HIVEDE246,Blood group and Rh factor ValueSet,"Value set of mother's blood type and blood Rh factor","StructureDefinition/HIVEPMTCT","Internal"
http://smart.who.int/hiv/ValueSet/HIV.E.DE255,0.1.0,active,,HIVEDE255,Asymptomatic bacteriuria (ASB) test result ValueSet,"Value set of result of urine culture (or urine Gram-staining if not available over dipstick tests) for diagnosing asymptomatic bacteriuria","StructureDefinition/HIVEPMTCT","Internal"
http://smart.who.int/hiv/ValueSet/HIV.E.DE259,0.1.0,active,,HIVEDE259,Urine protein test result ValueSet,"Value set of results of urine protein test of mother during ANC visit","StructureDefinition/HIVEPMTCT","Internal"
http://smart.who.int/hiv/ValueSet/HIV.E.DE264,0.1.0,active,,HIVEDE264,Type of hypertensive disorder ValueSet,"Value set of type of hypertensive disorder of the mother","StructureDefinition/HIVEPMTCT","Internal"
http://smart.who.int/hiv/ValueSet/HIV.E.DE41,0.1.0,active,,HIVEDE41,Timing of ART initiation ValueSet,"Value set of when the pregnant woman or mother initiated ART, for women living with HIV.","StructureDefinition/HIVEPMTCT","Internal"
http://smart.who.int/hiv/ValueSet/HIV.E.DE47,0.1.0,active,,HIVEDE47,Pregnancy outcome ValueSet,"Value set of outcome of current pregnancy","StructureDefinition/HIVEPMTCT","Internal"
http://smart.who.int/hiv/ValueSet/HIV.E.DE52,0.1.0,active,,HIVEDE52,Delivery mode ValueSet,"Value set of mode of delivery for current pregnancy","StructureDefinition/HIVEPMTCT","Internal"
http://smart.who.int/hiv/ValueSet/HIV.E.DE6,0.1.0,active,,HIVEDE6,Source of gestational age ValueSet,"Value set of gestational age can be calculated multiple ways. This data element describes where the gestational age above has been calculated from.","StructureDefinition/HIVEPMTCT","Internal"
http://smart.who.int/hiv/ValueSet/HIV.E.DE62,0.1.0,active,,HIVEDE62,Preterm birth status ValueSet,"Value set of the woman gave birth when the gestational age is less than 37 weeks","StructureDefinition/HIVEPMTCT","Internal"
http://smart.who.int/hiv/ValueSet/HIV.E.DE67,0.1.0,active,,HIVEDE67,Place of delivery ValueSet,"Value set of the type of place where the woman delivered","StructureDefinition/HIVEPMTCT","Internal"
http://smart.who.int/hiv/ValueSet/HIV.E.DE75,0.1.0,active,,HIVEDE75,Cause of death of mother ValueSet,"Value set of the woman's cause of death","StructureDefinition/HIVEPMTCT",
http://smart.who.int/hiv/ValueSet/HIV.E.DE91,0.1.0,active,,HIVEDE91,Gender of infant ValueSet,"Value set of gender of the infant","StructureDefinition/HIVEPMTCT","Internal"
http://smart.who.int/hiv/ValueSet/HIV.G.DE13,0.1.0,active,,HIVGDE13,HIV viral load specimen type ValueSet,"Value set of the type of specimen to be used to test viral load","StructureDefinition/HIVGDiagnostics","Internal"
http://smart.who.int/hiv/ValueSet/HIV.G.DE18,0.1.0,active,,HIVGDE18,HBsAg test result ValueSet,"Value set of hepatitis B virus test result (HBsAg)","StructureDefinition/HIVGDiagnostics","Internal"
http://smart.who.int/hiv/ValueSet/HIV.G.DE22,0.1.0,active,,HIVGDE22,Reason Hepatitis B test not conducted ValueSet,"Value set of reason why a hepatitis B test was not done","StructureDefinition/HIVGDiagnostics","Internal"
http://smart.who.int/hiv/ValueSet/HIV.G.DE29,0.1.0,active,,HIVGDE29,Hepatitis B diagnosis ValueSet,"Value set of client's hepatitis B diagnosis","StructureDefinition/HIVGDiagnostics","Internal"
http://smart.who.int/hiv/ValueSet/HIV.G.DE35,0.1.0,active,,HIVGDE35,Reason Hepatitis C test not done ValueSet,"Value set of reason why a hepatitis C test was not done","StructureDefinition/HIVGDiagnostics","Internal"
http://smart.who.int/hiv/ValueSet/HIV.G.DE43,0.1.0,active,,HIVGDE43,HCV test result ValueSet,"Value set of hepatitis C virus test result (HCV antibody, HCV RNA or HCV core antigen)","StructureDefinition/HIVGDiagnostics","Internal"
http://smart.who.int/hiv/ValueSet/HIV.G.DE48,0.1.0,active,,HIVGDE48,HCV viral load test result ValueSet,"Value set of hepatitis C viral load test result (qualitative)","StructureDefinition/HIVGDiagnostics","Internal"
http://smart.who.int/hiv/ValueSet/HIV.G.DE51,0.1.0,active,,HIVGDE51,Hepatitis C diagnosis ValueSet,"Value set of client's hepatitis C diagnosis","StructureDefinition/HIVGDiagnostics","Internal"
http://smart.who.int/hiv/ValueSet/HIV.G.DE55,0.1.0,active,,HIVGDE55,Syphilis test type ValueSet,"Value set of type of diagnostic test used for syphilis (treponema pallidum)","StructureDefinition/HIVGDiagnostics","Internal"
http://smart.who.int/hiv/ValueSet/HIV.G.DE62,0.1.0,active,,HIVGDE62,Reason syphilis test not done ValueSet,"Value set of reason why a syphilis test was not done","StructureDefinition/HIVGDiagnostics","Internal"
http://smart.who.int/hiv/ValueSet/HIV.G.DE70,0.1.0,active,,HIVGDE70,Syphilis test result ValueSet,"Value set of result from syphilis test","StructureDefinition/HIVGDiagnostics","Internal"
http://smart.who.int/hiv/ValueSet/HIV.G.DE74,0.1.0,active,,HIVGDE74,Syphilis diagnosis ValueSet,"Value set of client's syphilis diagnosis","StructureDefinition/HIVGDiagnostics","Internal"
http://smart.who.int/hiv/ValueSet/HIV.H.DE1,0.1.0,active,,HIVHDE1,Reason for follow-up ValueSet,"Value set of the reason why the client is being followed up","StructureDefinition/HIVHFollowup","Internal"
http://smart.who.int/hiv/ValueSet/HIV.H.DE13,0.1.0,active,,HIVHDE13,Contact method ValueSet,"Value set of method used to try to reach out to the client","StructureDefinition/HIVHFollowup","Internal"
http://smart.who.int/hiv/ValueSet/HIV.H.DE17,0.1.0,active,,HIVHDE17,Source of information ValueSet,"Value set of source of information about the client","StructureDefinition/HIVHFollowup","Internal"
http://smart.who.int/hiv/ValueSet/HIV.H.DE23,0.1.0,active,,HIVHDE23,Outcome from outreach attempt ValueSet,"Value set of detailed outcome from the attempt to locate the client","StructureDefinition/HIVHFollowup","Internal"
http://smart.who.int/hiv/ValueSet/HIV.H.DE34,0.1.0,active,,HIVHDE34,HIV status of partner or contact ValueSet,"Value set of HIV status of the partner or contact given by the index case","StructureDefinition/HIVHFollowup","Internal"
http://smart.who.int/hiv/ValueSet/HIV.H.DE41,0.1.0,active,,HIVHDE41,HIV treatment outcome ValueSet,"Value set of the outcome for the client which is used for reporting retention/attrition.","StructureDefinition/HIVHFollowup","Internal"
http://smart.who.int/hiv/ValueSet/HIV.H.DE50,0.1.0,active,,HIVHDE50,Transfer to facility ValueSet,"Value set of name of health facility client was transferred to","StructureDefinition/HIVHFollowup",
http://smart.who.int/hiv/ValueSet/HIV.H.DE53,0.1.0,active,,HIVHDE53,Reason(s) for adherence problem ValueSet,"Value set of reason why client is not adherent","StructureDefinition/HIVHFollowup","Internal"
http://smart.who.int/hiv/ValueSet/HIV.H.DE74,0.1.0,active,,HIVHDE74,Reason ART stopped ValueSet,"Value set of reason why client intentionally stopped ART","StructureDefinition/HIVHFollowup","Internal"
http://smart.who.int/hiv/ValueSet/HIV.I.DE2,0.1.0,active,,HIVIDE2,Reason for referral ValueSet,"Value set of reason why the client is being referred. If diagnosed, this may include the reason for the diagnosis.","StructureDefinition/HIVIReferral","Internal"
http://smart.who.int/hiv/ValueSet/HIV.PRV.DE11,0.1.0,active,,HIVPRVDE11,HIV status of contact ValueSet,"Value set of the HIV status of the client's contact","StructureDefinition/HIVPrevention","Internal"
http://smart.who.int/hiv/ValueSet/HIV.PRV.DE2,0.1.0,active,,HIVPRVDE2,HIV prevention intervention ValueSet,"Value set of HIV prevention intervention that client accessed","StructureDefinition/HIVPrevention","Internal"
